,sent,received
1585353600,109.6940241,0.8178988
1585353660,299.3817529,0.6626065
1585353720,362.814054,0.0743248
1585353780,195.3015066,0.1434638
1585353840,193.1723068,0.7076138
1585353900,214.4753832,0.3550164
1585353960,249.1582388,0.5525242
1585354020,354.4562153,0.6261624
1585354080,144.1380955,0.2192652
1585354140,111.6423985,0.6226458
1585354200,185.1766636,0.0967773
1585354260,195.0712698,0.4701165
1585354320,229.4668309,0.7841911
1585354380,368.3790838,0.6864394
1585354440,325.7272944,0.2882339
1585354500,396.2201428,0.4110558
1585354560,179.9490236,0.5365325
1585354620,196.6389283,0.2327931
1585354680,177.9905748,0.1181309
1585354740,108.6138109,0.2361315
1585354800,156.4299567,0.8923313
1585354860,331.3966969,0.5924773
1585354920,127.8687046,0.7589753
1585354980,150.2891361,0.007725
1585355040,296.3435273,0.6588169
1585355100,127.9057987,0.8851577
1585355160,221.2033803,0.3142154
1585355220,236.5995703,0.5557314
1585355280,171.1493326,0.1152955
1585355340,159.2957986,0.857956
1585355400,272.8083036,0.858154
1585355460,362.3206718,0.2568222
1585355520,220.0368539,0.3045972
1585355580,286.4842429,0.2042133
1585355640,237.383191,0.4175803
1585355700,365.9284417,0.746845
1585355760,231.5848568,0.8657842
1585355820,121.8225382,0.7577145
1585355880,290.9522045,0.1837347
1585355940,179.7770821,0.5218404
1585356000,206.2370457,0.1637059
1585356060,341.445691,0.9854292
1585356120,354.1274308,0.9725514
1585356180,297.8595317,0.4485066
1585356240,358.9155385,0.8648569
1585356300,377.3137839,0.1855399
1585356360,205.4352941,0.3346746
1585356420,312.5047243,0.0249219
1585356480,296.8745387,0.6998746
1585356540,144.0654842,0.5343316
1585356600,202.1173174,0.4385948
1585356660,304.7113753,0.8903784
1585356720,288.7519375,0.2020568
1585356780,218.1157073,0.4482405
1585356840,168.43597,0.5200119
1585356900,393.9911359,0.3832698
1585356960,380.572875,0.4231415
1585357020,297.9306357,0.0996776
1585357080,221.5212825,0.9685728
1585357140,311.5603369,0.1945238
1585357200,178.69222,0.9313341
1585357260,236.3515187,0.7545276
1585357320,319.4076869,0.6092683
1585357380,349.5010856,0.6667762
1585357440,323.6897351,0.3098207
1585357500,212.7010017,0.0177749
1585357560,317.6861904,0.855759
1585357620,128.1083452,0.9100135
1585357680,123.8628683,0.3142156
1585357740,155.0594589,0.2633634
1585357800,351.8820222,0.6491293
1585357860,168.8314903,0.0075314
1585357920,355.3261013,0.5147662
1585357980,303.0732662,0.1488454
1585358040,193.144911,0.9088067
1585358100,393.807783,0.6674951
1585358160,161.0525965,0.4187897
1585358220,295.380904,0.4670355
1585358280,280.6287318,0.788154
1585358340,168.4650331,0.3076537
1585358400,259.2756127,0.9997636
1585358460,353.8186353,0.1489951
1585358520,169.8517992,0.1197378
1585358580,181.5006876,0.4469143
1585358640,381.3953263,0.5231371
1585358700,287.9279701,0.4377043
1585358760,368.2443038,0.3724979
1585358820,210.1959013,0.0978191
1585358880,340.5329075,0.9047476
1585358940,392.2702425,0.1155005
1585359000,180.8394406,0.2069812
1585359060,267.3150129,0.4505763
1585359120,380.3358135,0.9892502
1585359180,284.311652,0.2894766
1585359240,361.7844984,0.3207611
1585359300,354.6540738,0.514106
1585359360,158.611909,0.1234309
1585359420,140.5811022,0.584039
1585359480,131.0924346,0.1557628
1585359540,102.185186,0.231216
1585359600,372.8975681,0.5236779
1585359660,180.1587443,0.3577103
1585359720,380.4658608,0.3738545
1585359780,341.4861787,0.5432917
1585359840,176.2841362,0.8818056
1585359900,300.2948843,0.4343997
1585359960,195.4543833,0.8257609
1585360020,189.1231705,0.7633793
1585360080,149.7102111,0.644235
1585360140,180.3277238,0.5119849
1585360200,181.9892696,0.1504674
1585360260,153.981599,0.0801588
1585360320,324.1212494,0.1262657
1585360380,374.9484177,0.8442054
1585360440,170.5476775,0.6370354
1585360500,194.7497753,0.3045069
1585360560,156.5779455,0.8812627
1585360620,236.2981157,0.5073741
1585360680,255.0751136,0.9933497
1585360740,266.255663,0.7613347
1585360800,257.9591974,0.6759113
1585360860,324.7279017,0.390104
1585360920,248.2057293,0.3026347
1585360980,387.1547188,0.3481514
1585361040,360.0668554,0.3026449
1585361100,152.8850495,0.4573776
1585361160,138.724607,0.5897916
1585361220,208.4821733,0.8331849
1585361280,293.7422886,0.4930678
1585361340,334.8546706,0.7672309
1585361400,114.7248946,0.0003865
1585361460,290.0151913,0.0600733
1585361520,291.9155676,0.6242195
1585361580,320.5837867,0.2256031
1585361640,218.9876823,0.7718728
1585361700,161.815073,0.1354309
1585361760,354.5231454,0.8817038
1585361820,362.2594725,0.3922207
1585361880,330.4278238,0.4259572
1585361940,278.3733125,0.2764544
1585362000,318.1780616,0.8207694
1585362060,218.4069309,0.4217592
1585362120,162.152302,0.1821583
1585362180,382.3358609,0.0775789
1585362240,202.2025262,0.8151231
1585362300,170.5029428,0.4345164
1585362360,230.4009688,0.4169352
1585362420,337.1284159,0.6191326
1585362480,216.5958826,0.873243
1585362540,344.8115397,0.3413421
1585362600,170.2531999,0.845984
1585362660,225.8994372,0.6609947
1585362720,108.9768885,0.338247
1585362780,377.3708992,0.7635877
1585362840,243.489182,0.251277
1585362900,245.9671472,0.1741009
1585362960,350.6425418,0.3080523
1585363020,180.3744222,0.3972678
1585363080,118.7251671,0.6750632
1585363140,180.4021,0.7236682
1585363200,243.7026643,0.3087512
1585363260,180.0832432,0.2440032
1585363320,226.5803274,0.88003
1585363380,164.7357119,0.2588193
1585363440,259.066399,0.4623081
1585363500,343.9676119,0.9302535
1585363560,287.2706271,0.9877909
1585363620,263.0376643,0.6069717
1585363680,173.5515296,0.9354871
1585363740,311.331392,0.9938245
1585363800,199.7353421,0.0049223
1585363860,221.4066227,0.7491073
1585363920,337.2683065,0.8438162
1585363980,290.1915771,0.8087064
1585364040,145.8546144,0.8966297
1585364100,232.8001338,0.8266338
1585364160,227.4634439,0.702251
1585364220,165.4006408,0.9821464
1585364280,168.4443731,0.6502263
1585364340,364.3049469,0.1281507
1585364400,346.8345593,0.362848
1585364460,241.7811794,0.8050842
1585364520,250.678739,0.2689512
1585364580,108.386396,0.9884482
1585364640,219.4572145,0.853596
1585364700,199.5184943,0.5247212
1585364760,165.931849,0.0590202
1585364820,210.4263931,0.0294687
1585364880,232.7238235,0.022967
1585364940,163.5742549,0.6974286
1585365000,185.8933684,0.611302
1585365060,228.9123591,0.7820577
1585365120,262.2687225,0.9974444
1585365180,366.4991653,0.9095762
1585365240,359.2192561,0.6442382
1585365300,108.6740629,0.4228628
1585365360,287.6061605,0.6346164
1585365420,182.7361643,0.3469311
1585365480,387.9482248,0.7918641
1585365540,358.0187846,0.1998611
1585365600,158.0295357,0.3330641
1585365660,215.0940174,0.5611609
1585365720,101.2397575,0.4789165
1585365780,232.9016215,0.9114325
1585365840,326.0485519,0.6333939
1585365900,334.6388454,0.4386625
1585365960,259.5171339,0.4101914
1585366020,267.2405498,0.7225972
1585366080,352.8743479,0.6394343
1585366140,338.3045111,0.4169155
1585366200,128.7884652,0.0738659
1585366260,253.3640382,0.1802693
1585366320,356.2443951,0.4012625
1585366380,265.9004899,0.2497933
1585366440,198.0690838,0.8221887
1585366500,243.1218216,0.7499215
1585366560,233.8172251,0.0163499
1585366620,228.1994619,0.5892368
1585366680,330.8619085,0.4923247
1585366740,127.0073165,0.3380284
1585366800,134.679509,0.7875428
1585366860,226.0912024,0.4243434
1585366920,131.9870255,0.3809099
1585366980,353.0303539,0.04388
1585367040,143.7949095,0.3570371
1585367100,249.0247671,0.926374
1585367160,281.0438235,0.339214
1585367220,341.9436651,0.0435517
1585367280,291.4292213,0.170376
1585367340,207.0754909,0.3291992
1585367400,365.9981771,0.8604364
1585367460,104.2235969,0.9003235
1585367520,330.4767341,0.5916375
1585367580,149.6638602,0.2145661
1585367640,203.4165117,0.1567772
1585367700,312.2302016,0.561615
1585367760,224.7055599,0.5564554
1585367820,256.1583967,0.9524176
1585367880,116.6974416,0.3363414
1585367940,243.0847527,0.2445779
1585368000,333.7698429,0.3462892
1585368060,215.6230704,0.7243227
1585368120,223.3352517,0.2947063
1585368180,387.7934562,0.0297383
1585368240,391.2329812,0.0944081
1585368300,247.7394809,0.0863617
1585368360,143.3960518,0.9245694
1585368420,325.5635854,0.9570642
1585368480,216.963724,0.1970872
1585368540,137.4177399,0.3464117
1585368600,208.3809777,0.8803612
1585368660,178.573333,0.6707935
1585368720,295.0167868,0.5046233
1585368780,217.4962687,0.1479586
1585368840,188.1863717,0.3912052
1585368900,299.1449591,0.0540465
1585368960,367.0732523,0.8098394
1585369020,297.3434285,0.342788
1585369080,134.7652899,0.5762425
1585369140,284.0610927,0.5129837
1585369200,206.9453162,0.4846089
1585369260,153.1089068,0.3088671
1585369320,297.0714025,0.1723288
1585369380,386.5253064,0.7198703
1585369440,322.6261451,0.2301099
1585369500,177.6642279,0.0336126
1585369560,116.4623864,0.1821194
1585369620,139.3223132,0.5431899
1585369680,321.8670132,0.7202309
1585369740,352.4439459,0.8661094
1585369800,171.1642332,0.7613594
1585369860,289.3605769,0.5940718
1585369920,131.1866953,0.9983692
1585369980,145.0206015,0.558101
1585370040,260.6825834,0.2208748
1585370100,366.2556462,0.3235607
1585370160,206.9704047,0.5179641
1585370220,172.2979343,0.9704223
1585370280,365.8557618,0.6340206
1585370340,265.7553526,0.5891701
1585370400,335.0374412,0.6207605
1585370460,113.5390637,0.5747621
1585370520,103.0434637,0.3278682
1585370580,337.0376765,0.8719613
1585370640,188.4362679,0.7103314
1585370700,103.3129803,0.8618524
1585370760,361.8250111,0.9458441
1585370820,334.0190316,0.7504118
1585370880,195.4988847,0.2165753
1585370940,182.4751232,0.5032916
1585371000,160.5576128,0.2318867
1585371060,355.0376451,0.7806137
1585371120,220.4096422,0.5264138
1585371180,149.4436422,0.5653314
1585371240,262.1588392,0.8975753
1585371300,212.435543,0.3636
1585371360,394.2235695,0.6045936
1585371420,324.9582858,0.8075723
1585371480,219.8148139,0.1524996
1585371540,303.9345117,0.2712847
1585371600,159.3856904,0.3242921
1585371660,190.6071424,0.5017065
1585371720,308.261639,0.723873
1585371780,147.7867343,0.572142
1585371840,214.2997875,0.8138134
1585371900,301.7214103,0.5945813
1585371960,117.2160408,0.3735353
1585372020,194.1083788,0.2239602
1585372080,139.2994225,0.5139309
1585372140,167.9284351,0.0243757
1585372200,311.2950847,0.1775445
1585372260,387.4249279,0.8942872
1585372320,189.7929155,0.2131252
1585372380,300.4239086,0.2334228
1585372440,293.8041553,0.9966681
1585372500,360.0862086,0.1259803
1585372560,291.5944629,0.7582445
1585372620,250.5007451,0.876328
1585372680,175.588,0.7235236
1585372740,206.9688562,0.7912307
1585372800,346.9946092,0.0559536
1585372860,348.7913237,0.6899557
1585372920,277.9084052,0.8848733
1585372980,109.4449861,0.6967435
1585373040,304.7749959,0.671191
1585373100,354.2722501,0.6094558
1585373160,115.092742,0.4422029
1585373220,224.0964593,0.2456021
1585373280,104.8249918,0.878198
1585373340,149.8443519,0.555357
1585373400,108.6779722,0.4997127
1585373460,293.3742059,0.2910486
1585373520,316.7693287,0.3360729
1585373580,298.5801699,0.1655161
1585373640,222.7369875,0.3701653
1585373700,249.1786683,0.5914177
1585373760,170.9707349,0.6180846
1585373820,249.0444965,0.6581389
1585373880,114.9727456,0.9281462
1585373940,263.0900546,0.4656746
1585374000,175.2517307,0.5765564
1585374060,124.708809,0.2414372
1585374120,184.8039176,0.0569541
1585374180,296.6541654,0.7500676
1585374240,376.4644919,0.7074176
1585374300,384.6868198,0.4238472
1585374360,338.8814076,0.6747343
1585374420,256.3899871,0.632767
1585374480,388.1033252,0.8855462
1585374540,324.7783895,0.1063852
1585374600,176.7039507,0.31741
1585374660,334.8655364,0.6834193
1585374720,322.4751866,0.263359
1585374780,279.0223846,0.7207326
1585374840,259.2345034,0.3448665
1585374900,130.5778629,0.49901
1585374960,345.7263655,0.7244132
1585375020,104.2861908,0.4433557
1585375080,228.2250322,0.6843116
1585375140,232.664689,0.2267446
1585375200,388.4218118,0.4394825
1585375260,227.440069,0.8718278
1585375320,215.4510581,0.9450272
1585375380,346.2413417,0.0248559
1585375440,267.6902091,0.9086926
1585375500,196.5024502,0.6090212
1585375560,183.255711,0.9378789
1585375620,134.5840449,0.503963
1585375680,164.5579572,0.004512
1585375740,373.7385045,0.2975317
1585375800,223.6763719,0.7219407
1585375860,298.996889,0.2000113
1585375920,249.0129784,0.6135148
1585375980,317.5580325,0.6910094
1585376040,189.9737704,0.9193753
1585376100,132.7072272,0.3824712
1585376160,103.823441,0.1655802
1585376220,110.560496,0.1675496
1585376280,348.4366149,0.9100135
1585376340,121.9656993,0.0076864
1585376400,286.0112332,0.3851005
1585376460,223.0887511,0.4677992
1585376520,276.2335453,0.2733435
1585376580,308.8944523,0.8069585
1585376640,385.4161131,0.9464602
1585376700,334.3370208,0.2642388
1585376760,272.6456289,0.0125762
1585376820,229.5376576,0.122594
1585376880,390.7296456,0.8341072
1585376940,354.5720997,0.5778923
1585377000,274.9838846,0.0779635
1585377060,317.8829341,0.1424626
1585377120,211.518049,0.6649015
1585377180,110.6879326,0.3982474
1585377240,107.4606957,0.6725273
1585377300,266.8743002,0.0133203
1585377360,229.7263317,0.1879936
1585377420,210.9340066,0.5149099
1585377480,354.8077528,0.1759662
1585377540,109.6716954,0.8768061
1585377600,105.5081161,0.2794398
1585377660,384.5797041,0.5676669
1585377720,212.0010902,0.2138837
1585377780,323.214773,0.1187638
1585377840,369.671801,0.0824085
1585377900,194.1743573,0.1826533
1585377960,157.4798087,0.7072079
1585378020,159.6176155,0.7241039
1585378080,246.5762649,0.3392628
1585378140,110.5187626,0.2987212
1585378200,339.3255762,0.6180942
1585378260,197.3837496,0.1126512
1585378320,108.6545515,0.4540089
1585378380,164.428512,0.215605
1585378440,163.1736143,0.0113178
1585378500,308.6134448,0.5735057
1585378560,142.9760534,0.4450324
1585378620,214.5869382,0.6431926
1585378680,236.3069004,0.5155092
1585378740,211.402037,0.7461897
1585378800,323.4724297,0.0875495
1585378860,262.5488713,0.0636863
1585378920,182.103667,0.43378
1585378980,258.7334034,0.5262811
1585379040,288.6502332,0.3265207
1585379100,378.042147,0.8162904
1585379160,270.3296986,0.2103691
1585379220,360.5062619,0.9174899
1585379280,330.5888207,0.6169218
1585379340,352.4019501,0.231455
1585379400,166.8903387,0.1412525
1585379460,214.9861836,0.8499671
1585379520,241.5588415,0.3149814
1585379580,356.0179058,0.3128772
1585379640,278.2122789,0.4180126
1585379700,267.086017,0.0188308
1585379760,147.8987846,0.7396518
1585379820,370.9204866,0.732948
1585379880,153.4197974,0.1279552
1585379940,272.9394212,0.1805329
1585380000,391.9261761,0.6971338
1585380060,201.5423845,0.6995319
1585380120,348.6794112,0.8361285
1585380180,197.3891924,0.2959025
1585380240,169.939758,0.2151879
1585380300,309.4857845,0.6884716
1585380360,254.7338744,0.524237
1585380420,310.7503019,0.1320659
1585380480,326.965389,0.7708354
1585380540,343.2078542,0.6467676
1585380600,206.4074807,0.5715582
1585380660,156.1863273,0.1509771
1585380720,228.7356177,0.6210867
1585380780,240.0524818,0.440505
1585380840,149.2045762,0.7845511
1585380900,184.367121,0.2565788
1585380960,151.9865064,0.3043484
1585381020,183.7517962,0.6486239
1585381080,239.7844692,0.5940793
1585381140,122.0743882,0.6051805
1585381200,100.0418731,0.8938259
1585381260,252.607271,0.5787846
1585381320,152.043549,0.2119744
1585381380,310.8783608,0.4568934
1585381440,366.6435577,0.6634827
1585381500,185.7751866,0.4027883
1585381560,394.9838512,0.5793383
1585381620,167.4639645,0.3469742
1585381680,304.2433551,0.4911009
1585381740,124.7091962,0.6873519
1585381800,389.2599668,0.9783843
1585381860,149.6217713,0.6230317
1585381920,341.0198834,0.9717329
1585381980,193.4505902,0.2671736
1585382040,109.1740215,0.9976333
1585382100,167.3555902,0.6264909
1585382160,287.9062329,0.30841
1585382220,323.4967629,0.7055894
1585382280,382.0164565,0.6787245
1585382340,180.7962314,0.7548695
1585382400,255.4295314,0.5674263
1585382460,109.53668,0.7985634
1585382520,138.3920013,0.1836177
1585382580,376.5450068,0.5319358
1585382640,219.3888175,0.5737989
1585382700,205.5221548,0.2859519
1585382760,104.5664788,0.7351746
1585382820,194.8190992,0.3189265
1585382880,324.9017222,0.4385097
1585382940,232.3697229,0.082315
1585383000,145.182387,0.1535069
1585383060,164.7773008,0.8827852
1585383120,399.2440356,0.8651297
1585383180,122.0875498,0.453688
1585383240,108.6403921,0.6021933
1585383300,290.9922365,0.1651311
1585383360,220.1023156,0.5923989
1585383420,151.2064568,0.5556799
1585383480,290.461814,0.7517584
1585383540,171.8674865,0.4610955
1585383600,106.2974935,0.5512405
1585383660,273.4700795,0.0994265
1585383720,337.6984374,0.2237265
1585383780,291.5724464,0.4845338
1585383840,322.4695718,0.2019015
1585383900,145.5636941,0.1487234
1585383960,259.0492674,0.6224673
1585384020,287.4703849,0.148115
1585384080,195.0702982,0.153114
1585384140,245.8869883,0.3033246
1585384200,139.1282957,0.2590889
1585384260,383.1953179,0.1530192
1585384320,366.0043428,0.2865049
1585384380,142.9198525,0.6872376
1585384440,335.5685515,0.484634
1585384500,200.2619817,0.2352716
1585384560,367.6039311,0.1938983
1585384620,237.8889211,0.6710428
1585384680,136.8988714,0.5508426
1585384740,135.2468249,0.7849977
1585384800,290.6878142,0.8487063
1585384860,283.2872225,0.9802899
1585384920,344.3185943,0.6509299
1585384980,255.0586071,0.2875919
1585385040,234.6101483,0.8977411
1585385100,211.6563615,0.2977674
1585385160,371.1172942,0.3780604
1585385220,317.0654228,0.2092339
1585385280,183.0877426,0.1157918
1585385340,310.6050407,0.7130894
1585385400,354.5961575,0.1042481
1585385460,303.6950265,0.034195
1585385520,137.3791673,0.6657619
1585385580,205.6041477,0.8237715
1585385640,196.912591,0.9164818
1585385700,304.6268332,0.8879876
1585385760,259.9928489,0.7342675
1585385820,381.4097427,0.9357815
1585385880,360.0523904,0.5775551
1585385940,141.8591026,0.3630895
1585386000,1178.3340108,0.8053137
1585386060,1388.2899979,0.6694488
1585386120,923.2306673,0.2096715
1585386180,1213.5974267,0.6170592
1585386240,1053.8098,0.5934637
1585386300,638.0314027,0.4392269
1585386360,689.6991338,0.943244
1585386420,1291.505032,0.2780827
1585386480,500.2990817,0.6426773
1585386540,665.2424092,0.1762543
1585386600,877.9035481,0.2256215
1585386660,1138.0680529,0.9164914
1585386720,1343.9326482,0.3974653
1585386780,492.6877112,0.1065666
1585386840,514.4303051,0.7325779
1585386900,753.0774349,0.1354946
1585386960,632.744579,0.6407931
1585387020,1131.9606381,0.4513451
1585387080,1015.2283975,0.3321562
1585387140,1034.9941568,0.5436738
1585387200,533.3093944,0.2856812
1585387260,588.6521431,0.8312651
1585387320,1226.2550015,0.7819808
1585387380,1224.7802231,0.4108905
1585387440,843.1439689,0.1723634
1585387500,778.7926222,0.9950674
1585387560,653.6805739,0.8707028
1585387620,484.9622857,0.4253307
1585387680,752.3026376,0.1224023
1585387740,623.1370866,0.1000255
1585387800,1262.8692686,0.8885699
1585387860,767.9683313,0.4270417
1585387920,770.7034907,0.7736569
1585387980,828.787881,0.7228846
1585388040,933.5456511,0.7022105
1585388100,1236.2309085,0.5932677
1585388160,1300.6925447,0.9747514
1585388220,1193.0256454,0.0752882
1585388280,1269.1870619,0.127295
1585388340,835.1025937,0.660646
1585388400,786.1498792,0.3199459
1585388460,687.9688187,0.9900548
1585388520,682.685226,0.7554226
1585388580,1053.4121227,0.2432948
1585388640,711.1127725,0.4321577
1585388700,481.1549535,0.7131486
1585388760,748.0082705,0.9383726
1585388820,1305.0276496,0.7650487
1585388880,400.2647172,0.3615628
1585388940,1181.8080899,0.2012031
1585389000,1316.2157485,0.2347689
1585389060,1372.9038953,0.4774914
1585389120,528.1785458,0.6174228
1585389180,505.6092669,0.0278791
1585389240,752.8123876,0.0710783
1585389300,1198.9466882,0.1363641
1585389360,679.9343419,0.6339955
1585389420,1106.3705293,0.0811404
1585389480,955.2039221,0.7161107
1585389540,1297.9826998,0.4334084
1585389600,1307.4359133,0.4421271
1585389660,1373.1094491,0.0185812
1585389720,1002.6990922,0.2931169
1585389780,783.5641897,0.4446652
1585389840,1061.4802751,0.8707259
1585389900,993.9376706,0.4808001
1585389960,1093.6867403,0.9849369
1585390020,534.3551919,0.6450869
1585390080,968.175264,0.9581389
1585390140,621.3447326,0.5414208
1585390200,1364.8343795,0.2084044
1585390260,790.9043759,0.8540955
1585390320,1066.5589934,0.1132735
1585390380,1124.5943199,0.5437585
1585390440,1040.113248,0.2304748
1585390500,1328.5751603,0.8275846
1585390560,436.3718975,0.1260512
1585390620,432.2377251,0.5900439
1585390680,629.3207107,0.8872141
1585390740,1110.1598848,0.1830745
1585390800,546.6233248,0.5218674
1585390860,1342.0924225,0.0987497
1585390920,472.320353,0.6433625
1585390980,1086.3061943,0.1161251
1585391040,1220.5120938,0.2237865
1585391100,1181.2016359,0.7051246
1585391160,920.956089,0.3726243
1585391220,885.8280671,0.1881081
1585391280,1388.0912601,0.6435775
1585391340,1210.6528093,0.0435307
1585391400,534.120937,0.3262164
1585391460,931.1236949,0.323803
1585391520,1108.903224,0.8888961
1585391580,1023.1183952,0.7536967
1585391640,484.5522524,0.2781536
1585391700,948.5760339,0.0241308
1585391760,562.1468524,0.561584
1585391820,1146.3490309,0.5485563
1585391880,677.5444355,0.2144116
1585391940,725.006279,0.8772274
1585392000,607.3154458,0.6264279
1585392060,834.7023545,0.9084984
1585392120,1225.7138519,0.1047888
1585392180,1169.6241859,0.8743377
1585392240,1310.943664,0.2654995
1585392300,434.9743228,0.2927985
1585392360,733.258496,0.8852468
1585392420,1207.5402952,0.8476439
1585392480,607.5359875,0.3430607
1585392540,680.4293557,0.6443259
1585392600,980.009606,0.5275168
1585392660,507.2626185,0.3904001
1585392720,1245.7628824,0.5921983
1585392780,716.8768453,0.2250518
1585392840,1273.2523096,0.8733015
1585392900,411.4990251,0.823892
1585392960,1116.6920955,0.232527
1585393020,897.7247992,0.1659544
1585393080,981.9242776,0.0460872
1585393140,1344.489052,0.7468695
1585393200,1389.0808766,0.445349
1585393260,844.6054032,0.7571351
1585393320,851.3160114,0.9425434
1585393380,884.5044113,0.731119
1585393440,1187.2074042,0.4668106
1585393500,441.6823344,0.2368083
1585393560,980.3096703,0.6701124
1585393620,1074.1682519,0.1754872
1585393680,920.6752106,0.9462046
1585393740,1016.2951685,0.8969044
1585393800,873.3453657,0.9329469
1585393860,430.2572494,0.1361975
1585393920,1370.2259643,0.5057348
1585393980,1045.2963011,0.1546273
1585394040,984.9617584,0.7928224
1585394100,1232.7442878,0.1835191
1585394160,884.2683002,0.9964639
1585394220,1225.867365,0.566797
1585394280,676.8993556,0.9346629
1585394340,414.7347143,0.5787309
1585394400,569.6574415,0.921546
1585394460,452.8442331,0.7512794
1585394520,1227.589322,0.0358073
1585394580,519.3194682,0.2741467
1585394640,1253.5853266,0.807722
1585394700,1173.9188176,0.6489008
1585394760,1287.034796,0.9268989
1585394820,1166.1340896,0.9488367
1585394880,1303.1228214,0.7193432
1585394940,659.6701973,0.3890458
1585395000,1244.5775207,0.1404044
1585395060,666.8298592,0.4863975
1585395120,1168.7903443,0.4296291
1585395180,693.9316297,0.1331028
1585395240,1292.2525506,0.6706314
1585395300,411.9048433,0.7891648
1585395360,523.6878155,0.3981299
1585395420,1199.3534293,0.1385432
1585395480,999.762969,0.1453089
1585395540,1082.338087,0.3171455
1585395600,898.1888941,0.1819018
1585395660,1279.2469203,0.1799
1585395720,460.5572389,0.9286131
1585395780,1281.1682095,0.5627519
1585395840,1281.7525612,0.3952284
1585395900,1114.1605263,0.7600518
1585395960,464.5013298,0.3992444
1585396020,1378.9360439,0.0548616
1585396080,888.1507382,0.2186298
1585396140,1396.9860121,0.7985929
1585396200,1186.3211988,0.6865655
1585396260,444.6716173,0.2156893
1585396320,1399.122914,0.5105856
1585396380,1234.516125,0.4736634
1585396440,706.6807086,0.9289002
1585396500,1218.4599149,0.5737731
1585396560,799.36636,0.312838
1585396620,1075.050927,0.0911377
1585396680,1013.1717728,0.6242966
1585396740,1044.3964461,0.1850108
1585396800,1200.9408206,0.6767273
1585396860,549.5880133,0.582312
1585396920,1013.2144858,0.0484273
1585396980,579.1362725,0.1897847
1585397040,1324.7534195,0.1403309
1585397100,1165.7470285,0.1524084
1585397160,1318.3866162,0.8037723
1585397220,759.3121103,0.3790795
1585397280,531.8894614,0.2761741
1585397340,789.3947851,0.1466602
1585397400,1165.7816122,0.0838838
1585397460,985.9126742,0.0046998
1585397520,823.7891398,0.5822566
1585397580,1262.1773598,0.1194101
1585397640,1210.413457,0.3612844
1585397700,632.5209296,0.344263
1585397760,980.3273542,0.8143389
1585397820,1018.5404674,0.5894855
1585397880,1044.2726148,0.7457937
1585397940,1251.0770708,0.5601273
1585398000,666.0749243,0.4905423
1585398060,938.2734293,0.2610011
1585398120,1228.0288472,0.5335829
1585398180,450.4767083,0.5001417
1585398240,815.8633104,0.5494936
1585398300,414.311429,0.7635567
1585398360,1038.9711317,0.2404346
1585398420,442.9792303,0.1662538
1585398480,1242.7893486,0.6716374
1585398540,565.7217391,0.5708691
1585398600,469.9952007,0.66933
1585398660,1220.5139982,0.6701587
1585398720,1252.6653535,0.1767845
1585398780,798.581196,0.7038946
1585398840,1007.0173131,0.1273124
1585398900,1094.0315773,0.7207263
1585398960,697.9244824,0.5912392
1585399020,1238.8012229,0.176726
1585399080,531.3374242,0.8879952
1585399140,973.550299,0.6528148
1585399200,1374.3289205,0.9551588
1585399260,686.348925,0.7966416
1585399320,1226.1414044,0.3566883
1585399380,580.6334481,0.1605762
1585399440,700.7103694,0.5168576
1585399500,601.2279935,0.0536117
1585399560,461.5949736,0.0338402
1585399620,1104.6629783,0.8539012
1585399680,1235.5843316,0.0502998
1585399740,464.8187298,0.5012115
1585399800,920.8581469,0.7810717
1585399860,691.9311454,0.075947
1585399920,422.601606,0.2429626
1585399980,555.8601958,0.2964601
1585400040,1397.6941032,0.5234466
1585400100,1324.7092211,0.8910983
1585400160,1227.5571254,0.899238
1585400220,580.9880101,0.6233286
1585400280,496.5463983,0.5954617
1585400340,930.8885389,0.1429131
1585400400,1062.8737748,0.5442725
1585400460,732.7278193,0.5498249
1585400520,628.9168308,0.7420477
1585400580,878.5407524,0.5717235
1585400640,996.2080299,0.04854
1585400700,815.2314872,0.630278
1585400760,1157.8875655,0.8853377
1585400820,768.610702,0.6144676
1585400880,786.8252543,0.449031
1585400940,807.2870057,0.9879911
1585401000,1121.683117,0.6215534
1585401060,1316.1240772,0.8012482
1585401120,702.9300575,0.110114
1585401180,1325.6225429,0.1890616
1585401240,497.5483065,0.8840119
1585401300,710.5938697,0.5172541
1585401360,620.4157498,0.906124
1585401420,625.0098284,0.3527501
1585401480,1228.275515,0.8746863
1585401540,1396.685485,0.1455798
1585401600,417.7394404,0.5156239
1585401660,420.572003,0.4856172
1585401720,824.6100152,0.1270961
1585401780,577.2123079,0.421034
1585401840,1177.2440278,0.0084897
1585401900,595.4831975,0.9969844
1585401960,400.9902039,0.8924842
1585402020,434.001649,0.2713811
1585402080,428.6825535,0.6297457
1585402140,505.9927998,0.9700086
1585402200,565.46046,0.900063
1585402260,1326.6456328,0.5306607
1585402320,959.152405,0.7605588
1585402380,829.3844847,0.2522241
1585402440,803.2640458,0.6349737
1585402500,1351.2984716,0.1845114
1585402560,928.5863301,0.9711496
1585402620,762.6829479,0.2197279
1585402680,1187.8885613,0.2668989
1585402740,981.2406508,0.6072938
1585402800,420.5953864,0.515412
1585402860,1102.5907258,0.3943903
1585402920,1253.5923394,0.9743275
1585402980,468.7056659,0.7258552
1585403040,1096.0985091,0.3194533
1585403100,467.5560015,0.2194145
1585403160,876.0087808,0.292897
1585403220,1050.9142126,0.5796989
1585403280,590.5176764,0.7747351
1585403340,742.5671346,0.513089
1585403400,831.2345062,0.9163828
1585403460,876.686911,0.6312065
1585403520,816.7507733,0.3133452
1585403580,1258.5356149,0.9273596
1585403640,846.7047948,0.3922
1585403700,971.1065755,0.8482188
1585403760,685.0478532,0.9832435
1585403820,715.2577361,0.775282
1585403880,903.2257403,0.5139862
1585403940,670.8809792,0.1300378
1585404000,1195.5802393,0.5402011
1585404060,1105.8294256,0.1889781
1585404120,603.1039611,0.4422922
1585404180,1200.0742155,0.1023226
1585404240,1358.5814746,0.6193611
1585404300,1277.7519753,0.8809086
1585404360,865.7901044,0.4775515
1585404420,747.3458228,0.0161418
1585404480,674.7387402,0.2805107
1585404540,798.620885,0.9223688
1585404600,884.9144812,0.3540209
1585404660,1087.3138093,0.7820302
1585404720,1144.2064168,0.9310422
1585404780,854.8231238,0.7030347
1585404840,1396.7842741,0.8511727
1585404900,1366.1320823,0.2948303
1585404960,465.1145927,0.7697033
1585405020,1050.2927003,0.4291562
1585405080,1120.1853728,0.6496721
1585405140,1052.2427262,0.8982659
1585405200,1019.3951381,0.2106983
1585405260,1393.9680811,0.0701375
1585405320,1393.3225425,0.3771507
1585405380,709.2700827,0.2049682
1585405440,410.6512003,0.3928201
1585405500,950.8490558,0.0126947
1585405560,1289.6974434,0.0429412
1585405620,956.9248146,0.2041371
1585405680,1347.8476286,0.5922035
1585405740,522.5463911,0.9030775
1585405800,468.2727808,0.3218098
1585405860,981.2424418,0.8636521
1585405920,826.4807754,0.1309686
1585405980,1316.5336194,0.2650593
1585406040,824.6644346,0.5967556
1585406100,899.0543327,0.5807259
1585406160,994.091316,0.7295334
1585406220,477.9211806,0.7327259
1585406280,509.0648368,0.4079658
1585406340,1141.7757751,0.1720058
1585406400,435.1586369,0.6376072
1585406460,845.3834832,0.9373094
1585406520,860.9560282,0.4902898
1585406580,459.7140438,0.9800824
1585406640,1360.9150361,0.1680254
1585406700,1390.0144706,0.8603149
1585406760,479.5457633,0.8684924
1585406820,1054.2076546,0.6566973
1585406880,821.9703398,0.5402912
1585406940,1311.7637671,0.7649243
1585407000,1241.3460605,0.4428375
1585407060,528.3311746,0.8758317
1585407120,1370.6816607,0.0330417
1585407180,938.9841825,0.7473344
1585407240,739.8901552,0.1622801
1585407300,874.991139,0.1073278
1585407360,1131.623173,0.865364
1585407420,779.9966488,0.8067636
1585407480,1065.3963682,0.0636594
1585407540,971.2539419,0.1904335
1585407600,561.4615532,0.3219105
1585407660,485.4953024,0.761102
1585407720,671.1389796,0.7250481
1585407780,1134.6504331,0.7342255
1585407840,694.2422926,0.0562689
1585407900,680.4322496,0.6701355
1585407960,1102.1572389,0.3964927
1585408020,917.8499988,0.0965501
1585408080,579.8898334,0.6713465
1585408140,616.9459468,0.5707037
1585408200,527.6491739,0.685655
1585408260,765.9921421,0.5711505
1585408320,1003.9764468,0.2627383
1585408380,1021.366548,0.4160008
1585408440,741.6747838,0.847345
1585408500,565.1591457,0.9111655
1585408560,407.4033252,0.976504
1585408620,766.63485,0.3665103
1585408680,499.6607239,0.8678752
1585408740,768.1831319,0.8061431
1585408800,1137.7228501,0.4103944
1585408860,493.7314796,0.956571
1585408920,605.6626773,0.3588726
1585408980,637.6950249,0.5725676
1585409040,782.972467,0.5974074
1585409100,580.8768026,0.0811567
1585409160,1177.3851371,0.1698982
1585409220,1288.4673728,0.7162897
1585409280,951.3323027,0.8878811
1585409340,589.6132665,0.4455053
1585409400,904.6780735,0.4986423
1585409460,768.074697,0.691659
1585409520,482.3810405,0.024722
1585409580,1142.1604133,0.8394071
1585409640,1334.9792634,0.3224906
1585409700,1125.7597336,0.0400526
1585409760,1147.5018705,0.98347
1585409820,1260.4839536,0.2713765
1585409880,1260.153752,0.5803786
1585409940,770.5742996,0.7781507
1585410000,799.2433301,0.8857521
1585410060,440.7976325,0.3241831
1585410120,945.6312527,0.2171223
1585410180,531.6340197,0.8810787
1585410240,821.1014907,0.7389215
1585410300,448.8301238,0.6243785
1585410360,406.6588044,0.1996731
1585410420,811.8051757,0.983815
1585410480,1334.3289249,0.8680367
1585410540,1201.8925289,0.0889693
1585410600,1256.1703121,0.3017774
1585410660,831.4029286,0.8136496
1585410720,895.5539233,0.1804825
1585410780,500.1243513,0.4067407
1585410840,1117.1029368,0.9811585
1585410900,919.1652519,0.1785925
1585410960,431.9544407,0.0777601
1585411020,844.9457946,0.7594955
1585411080,1257.1930239,0.817356
1585411140,1141.6529022,0.5580467
1585411200,1299.3382792,0.3110375
1585411260,501.7710316,0.41267
1585411320,1081.9564367,0.5481047
1585411380,444.7153833,0.2580907
1585411440,920.8769803,0.3450166
1585411500,1201.4301255,0.5717408
1585411560,1183.9842766,0.5574422
1585411620,1257.9354167,0.1064365
1585411680,1260.6609164,0.948933
1585411740,536.6027555,0.49977
1585411800,444.195384,0.4586126
1585411860,1378.1247406,0.7873093
1585411920,877.9740232,0.9901863
1585411980,1038.038284,0.1253289
1585412040,1212.7155032,0.5217465
1585412100,892.9640477,0.4361195
1585412160,1012.3147899,0.7256891
1585412220,677.3986521,0.9398938
1585412280,1081.7815416,0.9818288
1585412340,447.1587905,0.584058
1585412400,510.4658217,0.105782
1585412460,1194.4885693,0.9051701
1585412520,623.4712919,0.6025068
1585412580,562.5410979,0.8971154
1585412640,711.3219964,0.1171941
1585412700,1141.3473742,0.1526922
1585412760,963.1300149,0.5720304
1585412820,647.965615,0.5944432
1585412880,1068.9032474,0.2514044
1585412940,1130.7554866,0.7205458
1585413000,893.6008008,0.2606317
1585413060,801.9813063,0.1485613
1585413120,1275.8517002,0.1923521
1585413180,655.2131294,0.9612537
1585413240,821.3976435,0.804583
1585413300,557.0394908,0.7794898
1585413360,1200.3041114,0.2708176
1585413420,1143.1592187,0.0525636
1585413480,676.3729368,0.8424917
1585413540,1181.8139924,0.8970318
1585413600,1180.6005812,0.6745237
1585413660,536.1439621,0.0468786
1585413720,1108.7618068,0.8294744
1585413780,877.2960542,0.4619916
1585413840,922.574925,0.5121905
1585413900,942.2837404,0.3047267
1585413960,712.9045185,0.6034775
1585414020,1326.5438842,0.1591466
1585414080,1067.4303444,0.2484184
1585414140,1238.6428663,0.8913832
1585414200,553.5110401,0.7399127
1585414260,1065.6152615,0.9141026
1585414320,1107.2763428,0.9886695
1585414380,980.0098335,0.0787846
1585414440,618.0181317,0.0790989
1585414500,1087.1248283,0.305903
1585414560,947.9072561,0.6351021
1585414620,1187.079455,0.5544701
1585414680,1279.6142942,0.0987643
1585414740,895.2108543,0.0276374
1585414800,547.8472463,0.885263
1585414860,1035.9793371,0.3609522
1585414920,750.1778235,0.9192391
1585414980,576.2248914,0.3668285
1585415040,864.6612132,0.2027935
1585415100,663.2646573,0.5635814
1585415160,636.4785483,0.2420839
1585415220,807.7101499,0.9729194
1585415280,730.4591716,0.8795926
1585415340,556.7637062,0.0496755
1585415400,1271.3763793,0.6230795
1585415460,1083.3115297,0.4418679
1585415520,926.4901305,0.901044
1585415580,988.1150037,0.6372225
1585415640,744.7559426,0.8980536
1585415700,1101.170518,0.3721832
1585415760,1056.292732,0.6108182
1585415820,633.325245,0.7679907
1585415880,1011.4227318,0.2837387
1585415940,878.5829358,0.2733213
1585416000,1154.4951982,0.2651739
1585416060,897.9444274,0.6902628
1585416120,497.5160851,0.3079856
1585416180,1297.0988101,0.0294109
1585416240,605.4463097,0.6550026
1585416300,804.5615605,0.5926747
1585416360,1091.8542329,0.5774339
1585416420,498.5361249,0.7367457
1585416480,501.3199111,0.3421237
1585416540,913.6095008,0.5328918
1585416600,461.9090302,0.1822633
1585416660,490.2218974,0.7541175
1585416720,604.6789557,0.1338295
1585416780,416.5963228,0.4047338
1585416840,466.5572279,0.8203705
1585416900,1034.1185002,0.1244778
1585416960,570.0275674,0.7902424
1585417020,1376.0090177,0.7308581
1585417080,1399.2925093,0.3172767
1585417140,1141.8127352,0.1531857
1585417200,480.1630644,0.5955019
1585417260,1298.079945,0.1215596
1585417320,617.5636493,0.0292427
1585417380,894.2214998,0.3754055
1585417440,1208.9347143,0.218951
1585417500,1252.2319152,0.1659627
1585417560,1144.2712807,0.9856236
1585417620,428.0625544,0.403688
1585417680,1210.0722836,0.119516
1585417740,868.854065,0.6786043
1585417800,1357.8715639,0.3264066
1585417860,821.0673482,0.1823098
1585417920,552.4935582,0.3931899
1585417980,658.521045,0.3623382
1585418040,741.1948666,0.8976591
1585418100,860.9770476,0.3940662
1585418160,530.5279968,0.9243914
1585418220,486.3601992,0.9656388
1585418280,725.3966766,0.1455541
1585418340,573.9766778,0.3232863
1585418400,529.1489426,0.3811753
1585418460,623.428797,0.9572743
1585418520,483.6027486,0.0145385
1585418580,1342.1161594,0.2580475
1585418640,1054.1772924,0.3424696
1585418700,1006.0176733,0.5435222
1585418760,1171.505477,0.9566934
1585418820,760.7411615,0.5579099
1585418880,1204.5407312,0.9384516
1585418940,947.9621262,0.441774
1585419000,894.1710871,0.6255482
1585419060,711.4424601,0.3955162
1585419120,754.4633894,0.614709
1585419180,643.5796351,0.1117543
1585419240,1351.5853559,0.4823773
1585419300,588.901551,0.8636715
1585419360,920.709726,0.2776366
1585419420,1057.9582752,0.3384079
1585419480,475.7850705,0.0740067
1585419540,1375.1780263,0.2762194
1585419600,1117.4359064,0.2238096
1585419660,1080.4510789,0.1474052
1585419720,1358.3426784,0.242801
1585419780,814.847884,0.9484369
1585419840,1144.3831227,0.091283
1585419900,1005.5678928,0.1114471
1585419960,1221.0355474,0.748716
1585420020,830.7616713,0.502676
1585420080,1251.1817797,0.0402401
1585420140,966.0721527,0.3393126
1585420200,1109.3652695,0.7921029
1585420260,886.9954677,0.6638634
1585420320,440.7883645,0.1399854
1585420380,1091.8475518,0.6334949
1585420440,636.7552395,0.3036144
1585420500,1037.7894688,0.5649017
1585420560,773.5544612,0.885536
1585420620,1323.9180269,0.2077478
1585420680,717.092756,0.2919144
1585420740,1320.9326948,0.9694148
1585420800,905.3305541,0.9700226
1585420860,635.0883733,0.2931543
1585420920,481.3322399,0.086576
1585420980,1292.4593431,0.6295044
1585421040,628.6907981,0.1504537
1585421100,1283.1826791,0.4482797
1585421160,853.0547245,0.6633501
1585421220,836.6094912,0.0606781
1585421280,1112.9279267,0.4022587
1585421340,1378.3028959,0.6482924
1585421400,960.7272279,0.0993981
1585421460,1071.8546385,0.7789086
1585421520,627.7278655,0.3164563
1585421580,1327.7291651,0.7557821
1585421640,715.8042952,0.347139
1585421700,563.3855098,0.254501
1585421760,569.7784557,0.7746416
1585421820,430.8889599,0.1330327
1585421880,1216.5815295,0.3643422
1585421940,1093.4251596,0.5966469
1585422000,767.3114927,0.1285548
1585422060,2283.7065608,0.877157
1585422120,2084.441802,0.560472
1585422180,2754.6303582,0.8837832
1585422240,2989.0592229,0.1564719
1585422300,1031.4009334,0.9555017
1585422360,1265.8458588,0.4710964
1585422420,2035.3367223,0.8076535
1585422480,2229.1885256,0.1927488
1585422540,1354.1403747,0.4796053
1585422600,1798.1667907,0.2401193
1585422660,2062.3415452,0.4342427
1585422720,755.6757701,0.8990458
1585422780,2926.2704288,0.7300358
1585422840,553.4776882,0.814652
1585422900,1836.9245238,0.8033073
1585422960,1175.121845,0.5444431
1585423020,578.2853747,0.2603436
1585423080,2041.9331603,0.4840607
1585423140,1520.5846233,0.3595577
1585423200,791.9000468,0.5617617
1585423260,1634.8333392,0.880367
1585423320,643.2786024,0.8754885
1585423380,1647.297721,0.4210784
1585423440,2152.4552571,0.6834747
1585423500,686.2041201,0.0968908
1585423560,1578.6310374,0.7200168
1585423620,2807.675148,0.116027
1585423680,592.2077739,0.4758391
1585423740,1983.9344264,0.4115867
1585423800,2543.9298953,0.1370256
1585423860,1398.7147091,0.1125706
1585423920,2998.3664568,0.8119584
1585423980,2689.8515254,0.4093261
1585424040,2285.7901834,0.7774589
1585424100,1507.8620837,0.2260857
1585424160,2770.4286798,0.0638581
1585424220,2390.5461001,0.4899404
1585424280,2257.2145626,0.6482985
1585424340,2962.3770411,0.6225017
1585424400,2764.8399812,0.7588982
1585424460,1251.785282,0.2034424
1585424520,1107.332682,0.1631665
1585424580,1822.2314222,0.3296947
1585424640,2611.0926453,0.8179334
1585424700,1146.5510853,0.1545662
1585424760,2879.5426148,0.3476977
1585424820,1990.8141449,0.9128069
1585424880,2627.6952625,0.938036
1585424940,2432.3073245,0.9851496
1585425000,582.714884,0.0666371
1585425060,979.0900356,0.8069692
1585425120,2337.2601173,0.8917408
1585425180,1139.64333,0.924355
1585425240,770.590765,0.0039503
1585425300,808.1875176,0.972782
1585425360,736.3392813,0.9245326
1585425420,1361.8016739,0.1345307
1585425480,2715.6081369,0.6886545
1585425540,2446.05046,0.6744192
1585425600,1161.6319071,0.5382187
1585425660,765.8684497,0.1266873
1585425720,2222.8575459,0.0138063
1585425780,2057.0291038,0.7794781
1585425840,2137.0539182,0.3455852
1585425900,732.9456528,0.8705769
1585425960,1363.2901062,0.8552186
1585426020,909.6448297,0.0477832
1585426080,1606.1296012,0.3459908
1585426140,694.4893803,0.2491231
1585426200,2170.2445979,0.1041625
1585426260,2855.8548834,0.2142385
1585426320,1251.2930662,0.9976284
1585426380,1365.7263496,0.942405
1585426440,1225.9271834,0.0242335
1585426500,2511.5335733,0.6032548
1585426560,1451.7889976,0.9993645
1585426620,2111.0653947,0.6834998
1585426680,929.1527779,0.7363746
1585426740,1689.5069881,0.4287342
1585426800,669.8392625,0.9202761
1585426860,2012.0305006,0.1993297
1585426920,2501.8698916,0.4968698
1585426980,1632.6894106,0.1163077
1585427040,1898.2093586,0.9032859
1585427100,2410.0180455,0.5021554
1585427160,2274.34977,0.0999065
1585427220,2167.487845,0.4149317
1585427280,1626.5355896,0.5409178
1585427340,1765.5168721,0.4850697
1585427400,1678.4377369,0.2881133
1585427460,2143.7635267,0.7867286
1585427520,2187.1641494,0.2141298
1585427580,1687.3452831,0.1130582
1585427640,1040.0506619,0.6436465
1585427700,1479.790091,0.2259441
1585427760,1262.487379,0.0059226
1585427820,1138.7227518,0.5991463
1585427880,1395.2193656,0.7636784
1585427940,1140.3070538,0.8178192
1585428000,2010.5274043,0.8728114
1585428060,2169.5127604,0.1821055
1585428120,2178.3638056,0.8694883
1585428180,619.5782915,0.5066134
1585428240,1445.0148246,0.6616346
1585428300,2388.5548328,0.4066411
1585428360,2301.4069085,0.775149
1585428420,2740.8706597,0.8375837
1585428480,2778.2231216,0.0960521
1585428540,1001.8523173,0.2284782
1585428600,2936.3998068,0.5895431
1585428660,1406.7295193,0.3742509
1585428720,1562.7256837,0.0493063
1585428780,2866.0058654,0.8193901
1585428840,2371.8633747,0.9045981
1585428900,2778.2257826,0.3814787
1585428960,2648.9032511,0.2398181
1585429020,2420.1093124,0.4648175
1585429080,2668.9266544,0.1050572
1585429140,1733.6423385,0.8342099
1585429200,901.3427238,0.3442032
1585429260,2126.8366597,0.1055662
1585429320,1169.5993864,0.0064202
1585429380,584.5863078,0.6157241
1585429440,2825.8237576,0.2541428
1585429500,2615.0856819,0.2932503
1585429560,1252.0362779,0.8224247
1585429620,2127.6433527,0.7097865
1585429680,2100.4417826,0.1310576
1585429740,1747.8892907,0.7411995
1585429800,851.4722927,0.3050541
1585429860,2386.4459869,0.4104102
1585429920,974.7953016,0.7727211
1585429980,2115.2241149,0.4674811
1585430040,2556.6331099,0.5484277
1585430100,2968.3466495,0.4072371
1585430160,2663.8890306,0.2363292
1585430220,718.3980251,0.8075223
1585430280,1442.8843738,0.4171419
1585430340,842.8289398,0.225944
1585430400,539.7082018,0.3075254
1585430460,2555.4046991,0.5820936
1585430520,2974.483642,0.4640438
1585430580,2935.2938947,0.8044132
1585430640,1650.4614298,0.1594635
1585430700,2042.2335494,0.2820757
1585430760,2917.1071583,0.7953532
1585430820,1332.8131317,0.2768056
1585430880,2661.9295782,0.4378403
1585430940,1761.0549826,0.0819908
1585431000,1878.1443879,0.6893183
1585431060,1345.4990941,0.2669893
1585431120,1659.0757557,0.1425655
1585431180,1430.6043077,0.304796
1585431240,1846.313146,0.8786985
1585431300,903.8445373,0.2017694
1585431360,863.3988339,0.5007734
1585431420,2364.2533461,0.4831182
1585431480,1083.442975,0.5307724
1585431540,2308.4255924,0.2974156
1585431600,804.2842375,0.6281721
1585431660,2834.9865545,0.1840069
1585431720,508.8220074,0.3384284
1585431780,1200.5401436,0.8387393
1585431840,1328.3905084,0.028995
1585431900,2812.5222817,0.6723447
1585431960,2584.968248,0.4110638
1585432020,1591.6268053,0.7755551
1585432080,2153.9015079,0.7140231
1585432140,2398.1383098,0.33956
1585432200,2341.1176684,0.4974707
1585432260,1231.1424162,0.1484891
1585432320,1941.3569394,0.2891646
1585432380,957.0496336,0.5523973
1585432440,1870.941674,0.5295854
1585432500,1159.1518546,0.7612444
1585432560,1577.8117856,0.875714
1585432620,2683.4589551,0.0724014
1585432680,2462.3209977,0.1504667
1585432740,2075.6177767,0.1203934
1585432800,232.1881863,0.2444161
1585432860,110.4184381,0.5688153
1585432920,221.2889979,0.7590741
1585432980,134.9395222,0.9625954
1585433040,155.6555319,0.2732239
1585433100,187.7870311,0.5879444
1585433160,389.5902297,0.305449
1585433220,182.9248902,0.4823779
1585433280,340.3444421,0.567488
1585433340,240.6350418,0.5861578
1585433400,164.455897,0.6834724
1585433460,207.6188243,0.8620081
1585433520,156.4518928,0.2784351
1585433580,165.4400566,0.8941348
1585433640,293.6360298,0.4470715
1585433700,317.2015111,0.6918163
1585433760,332.2532263,0.5091464
1585433820,270.6490773,0.4226297
1585433880,331.7987911,0.6629186
1585433940,127.9416585,0.3726388
1585434000,198.8270576,0.6131642
1585434060,372.0140952,0.8227454
1585434120,254.0219172,0.4415285
1585434180,325.4735498,0.8196249
1585434240,338.0044674,0.9405702
1585434300,251.1950869,0.6705324
1585434360,255.0363711,0.5716326
1585434420,378.7554295,0.1231725
1585434480,311.9877992,0.1848574
1585434540,276.2436768,0.362747
1585434600,193.2439858,0.658856
1585434660,143.5841664,0.0529719
1585434720,228.7164936,0.7406151
1585434780,186.7022018,0.2117285
1585434840,269.9654142,0.4977978
1585434900,314.4556874,0.9418304
1585434960,219.9511314,0.2829497
1585435020,239.980206,0.4127721
1585435080,338.5171524,0.071844
1585435140,233.1221478,0.2692631
1585435200,317.4396638,0.4593286
1585435260,138.8465827,0.7402691
1585435320,214.797499,0.7206006
1585435380,301.6677864,0.0473986
1585435440,347.9657558,0.2555694
1585435500,363.8683383,0.6811173
1585435560,268.4193953,0.1094471
1585435620,188.405991,0.9294726
1585435680,178.6266619,0.2798131
1585435740,148.8259195,0.3156611
1585435800,271.8021662,0.3902129
1585435860,214.9152268,0.229912
1585435920,165.1246903,0.1802681
1585435980,362.0271201,0.4594063
1585436040,238.7287018,0.6329817
1585436100,224.8004632,0.7866686
1585436160,298.1026508,0.6828263
1585436220,384.9566024,0.9004813
1585436280,304.6892734,0.8877481
1585436340,297.0468533,0.6153332
1585436400,148.3118324,0.8107499
1585436460,251.5314374,0.2883065
1585436520,104.8394418,0.5893672
1585436580,330.104775,0.1628623
1585436640,348.4179416,0.910103
1585436700,139.178568,0.772315
1585436760,143.243171,0.0204301
1585436820,248.2774252,0.0870976
1585436880,139.3106081,0.9142271
1585436940,249.3701045,0.1740972
1585437000,386.1051627,0.281701
1585437060,268.9661188,0.1031921
1585437120,180.491845,0.9350023
1585437180,267.0420204,0.773784
1585437240,135.2971679,0.3757308
1585437300,340.3626713,0.8572512
1585437360,343.7874371,0.2830173
1585437420,172.230351,0.7573907
1585437480,200.7304435,0.0014478
1585437540,211.6946021,0.0346473
1585437600,315.9489286,0.0234891
1585437660,248.06811,0.4150121
1585437720,239.9574389,0.6393988
1585437780,240.5021483,0.6955372
1585437840,172.9501214,0.7067181
1585437900,184.9784293,0.8538713
1585437960,215.3218908,0.3010838
1585438020,126.5914568,0.9100354
1585438080,357.7392011,0.3703267
1585438140,293.7217078,0.5556758
1585438200,371.134202,0.2076945
1585438260,301.6111069,0.6240632
1585438320,120.7637484,0.8705835
1585438380,260.9799677,0.0331511
1585438440,175.8491909,0.2979047
1585438500,180.2293981,0.822256
1585438560,193.2527854,0.6002772
1585438620,362.7322344,0.3952995
1585438680,273.3847337,0.3765841
1585438740,265.0834404,0.3223665
1585438800,122.4415453,0.2281541
1585438860,338.3197952,0.6574314
1585438920,117.2589571,0.9118793
1585438980,318.6012258,0.5866706
1585439040,265.7173999,0.0543799
1585439100,285.217665,0.1605194
1585439160,346.7814376,0.5030699
1585439220,375.4564436,0.4387406
1585439280,294.1544832,0.3253117
1585439340,202.9152081,0.695957
1585439400,115.6238801,0.6133247
1585439460,382.816341,0.8952303
1585439520,212.9059952,0.1668405
1585439580,373.5822107,0.842286
1585439640,148.7091076,0.2712014
1585439700,154.0105034,0.7618487
1585439760,260.5028754,0.1094656
1585439820,322.0960733,0.797861
1585439880,318.4056495,0.3898386
1585439940,160.3864076,0.3356415
1585440000,316.7020843,0.1573746
1585440060,391.3627576,0.3283275
1585440120,350.8462415,0.4405676
1585440180,172.3014612,0.8551885
1585440240,338.8925152,0.7791659
1585440300,264.2725182,0.4015946
1585440360,137.6914117,0.4406537
1585440420,162.1427284,0.8824923
1585440480,344.329495,0.8194109
1585440540,224.9472787,0.4987619
1585440600,235.5799926,0.4374575
1585440660,366.5152716,0.7081862
1585440720,284.0355486,0.4049537
1585440780,143.8025958,0.1325047
1585440840,306.2697416,0.6557591
1585440900,239.6682573,0.9780932
1585440960,303.3791223,0.4642299
1585441020,136.7625366,0.1205739
1585441080,320.5131099,0.3733521
1585441140,207.6998744,0.7227447
1585441200,241.7253012,0.3170868
1585441260,253.2698975,0.1683674
1585441320,214.3966376,0.8165855
1585441380,381.7667894,0.3326746
1585441440,197.4453025,0.7440707
1585441500,376.3566902,0.9601825
1585441560,374.9442907,0.4320761
1585441620,124.8630309,0.4950835
1585441680,172.2845198,0.8174302
1585441740,276.773314,0.2635156
1585441800,213.7159493,0.5757227
1585441860,145.1905613,0.6883009
1585441920,117.6958881,0.0738107
1585441980,100.2599495,0.2198217
1585442040,271.5650994,0.3581218
1585442100,386.130616,0.0414794
1585442160,230.543584,0.0603202
1585442220,399.6063693,0.182909
1585442280,153.6438931,0.1059998
1585442340,290.196513,0.6175396
1585442400,144.547296,0.3661441
1585442460,175.228644,0.5638723
1585442520,389.8671293,0.9404236
1585442580,101.2446484,0.8780526
1585442640,214.1382036,0.8521881
1585442700,312.2071006,0.5506908
1585442760,124.8434329,0.2556395
1585442820,367.2229416,0.857443
1585442880,398.0272857,0.4043989
1585442940,241.291424,0.7766023
1585443000,330.7282279,0.5003794
1585443060,268.3982979,0.4552022
1585443120,211.0025163,0.7373576
1585443180,256.7520149,0.6428484
1585443240,153.0039669,0.2007832
1585443300,280.3883661,0.019633
1585443360,182.9714078,0.0120801
1585443420,312.6793312,0.6722287
1585443480,135.8284328,0.3485962
1585443540,372.5721045,0.8935965
1585443600,213.7216611,0.2881872
1585443660,133.7323989,0.5541606
1585443720,289.4895398,0.2712921
1585443780,110.6469403,0.1361302
1585443840,139.8313251,0.1343256
1585443900,202.0247226,0.8818785
1585443960,356.1713065,0.354708
1585444020,125.1168298,0.1323975
1585444080,393.7264369,0.6544139
1585444140,163.6886839,0.1317353
1585444200,116.6153319,0.684096
1585444260,235.3439506,0.7797547
1585444320,242.1017117,0.9372982
1585444380,152.3328789,0.240213
1585444440,122.3380887,0.8159476
1585444500,375.9649727,0.1257473
1585444560,337.4417246,0.6383889
1585444620,301.503631,0.3367473
1585444680,301.9997289,0.9325381
1585444740,350.5586874,0.7209119
1585444800,353.9376454,0.7591487
1585444860,293.1689776,0.6028851
1585444920,388.6887545,0.7527916
1585444980,208.8367061,0.9131815
1585445040,355.3493163,0.2465932
1585445100,392.8113482,0.0110865
1585445160,212.8236147,0.0186956
1585445220,133.2254683,0.6082619
1585445280,161.9658904,0.5453777
1585445340,136.9989514,0.7287098
1585445400,199.2301901,0.7608638
1585445460,231.4306556,0.9845883
1585445520,203.0782568,0.0031135
1585445580,190.5652256,0.9183228
1585445640,223.303187,0.214262
1585445700,317.287644,0.4320235
1585445760,118.3182609,0.2423733
1585445820,303.7601019,0.8312372
1585445880,298.5010916,0.3652271
1585445940,132.5786134,0.8239587
1585446000,198.6010039,0.9166579
1585446060,100.9280049,0.7882788
1585446120,262.7426772,0.661072
1585446180,157.4792447,0.1957353
1585446240,184.4593708,0.3636358
1585446300,333.9725749,0.314028
1585446360,160.3406155,0.1336575
1585446420,131.5638627,0.0200757
1585446480,358.9191668,0.3709703
1585446540,361.8885644,0.2382383
1585446600,169.8947586,0.1124737
1585446660,126.1662525,0.6988913
1585446720,127.7370658,0.3318873
1585446780,177.3327767,0.925291
1585446840,229.8450531,0.4870221
1585446900,253.4113981,0.0760785
1585446960,288.6551516,0.6983119
1585447020,195.5576296,0.2920169
1585447080,226.8967533,0.815169
1585447140,281.7247844,0.8737671
1585447200,245.003914,0.1837679
1585447260,323.2936058,0.4149219
1585447320,369.0986043,0.7530833
1585447380,311.2125588,0.5080519
1585447440,281.4496404,0.2153286
1585447500,275.9373418,0.5793281
1585447560,232.0689965,0.3215799
1585447620,302.5057749,0.8118714
1585447680,187.5395112,0.7302959
1585447740,123.4912775,0.3556095
1585447800,215.9667984,0.055831
1585447860,161.5249943,0.9565721
1585447920,352.6914752,0.9458954
1585447980,255.3583478,0.5202214
1585448040,241.1467082,0.869508
1585448100,354.9722589,0.5546329
1585448160,375.9136432,0.6012996
1585448220,358.0404254,0.8190263
1585448280,384.3752122,0.3880623
1585448340,271.2123865,0.2891981
1585448400,315.7753418,0.6880818
1585448460,377.0579335,0.7336669
1585448520,243.9649664,0.3092325
1585448580,397.1941667,0.5606656
1585448640,150.773452,0.8141169
1585448700,336.0929183,0.6882096
1585448760,128.2057179,0.2056472
1585448820,230.7687423,0.4120305
1585448880,397.3584616,0.2799726
1585448940,353.3617621,0.5002106
1585449000,244.5835213,0.4901768
1585449060,226.9114719,0.2482196
1585449120,192.4745967,0.6082354
1585449180,352.6927961,0.2015472
1585449240,278.4639625,0.282525
1585449300,164.1225614,0.189665
1585449360,336.415217,0.6476172
1585449420,324.9578805,0.1572435
1585449480,362.2636584,0.3383654
1585449540,293.3978503,0.7031128
1585449600,149.6438233,0.7420626
1585449660,264.5510313,0.2048258
1585449720,169.5844378,0.0245112
1585449780,357.6060108,0.8121659
1585449840,163.2903164,0.1706738
1585449900,221.3416938,0.3675102
1585449960,164.9349346,0.2605876
1585450020,188.4401498,0.3009602
1585450080,337.4079089,0.0535028
1585450140,378.3245038,0.6433363
1585450200,399.2798226,0.4901713
1585450260,330.9092813,0.3622654
1585450320,325.2727662,0.1696764
1585450380,255.0867701,0.6762673
1585450440,254.17746,0.2000268
1585450500,311.4308743,0.8837835
1585450560,202.5263372,0.8763731
1585450620,379.0527201,0.5018154
1585450680,248.1677853,0.1011147
1585450740,257.8093593,0.0425418
1585450800,347.2954392,0.8748593
1585450860,114.8777623,0.7348322
1585450920,345.9035043,0.8100813
1585450980,234.2332582,0.7379534
1585451040,226.4697668,0.0946162
1585451100,397.3788501,0.7660788
1585451160,323.7957364,0.8310006
1585451220,328.2461108,0.8923487
1585451280,320.9639229,0.3459553
1585451340,149.4251494,0.5482899
1585451400,386.6244066,0.6408848
1585451460,319.5969001,0.7975689
1585451520,243.6277857,0.4345542
1585451580,146.8703455,0.3889318
1585451640,172.4299839,0.3812585
1585451700,106.3783801,0.9881189
1585451760,303.8260327,0.0477404
1585451820,257.4100119,0.3733975
1585451880,179.0757032,0.2894886
1585451940,326.2242173,0.6702018
1585452000,345.2594366,0.2663765
1585452060,254.7313665,0.1055949
1585452120,288.4638923,0.9759263
1585452180,316.2284098,0.7035989
1585452240,178.6849541,0.7340146
1585452300,123.3402672,0.0851757
1585452360,278.7220767,0.3795971
1585452420,256.9950072,0.6471868
1585452480,385.9109372,0.1483479
1585452540,287.9368826,0.0839157
1585452600,250.3422542,0.3043228
1585452660,104.5551167,0.1061982
1585452720,262.845886,0.0639831
1585452780,158.4787341,0.7395459
1585452840,128.5311387,0.6819696
1585452900,206.4950893,0.7056135
1585452960,235.0306259,0.0670059
1585453020,371.494007,0.6862912
1585453080,219.6835642,0.2104478
1585453140,219.2619891,0.3699693
1585453200,253.9786473,0.2753357
1585453260,334.1504754,0.1339365
1585453320,311.9155927,0.314435
1585453380,172.9184748,0.358204
1585453440,395.5648358,0.8387179
1585453500,128.1174535,0.6915944
1585453560,368.5212674,0.9381999
1585453620,356.5271687,0.7656792
1585453680,106.0867907,0.5041874
1585453740,336.2646168,0.7601072
1585453800,125.6506919,0.4216093
1585453860,200.5766146,0.4749417
1585453920,108.341496,0.4112779
1585453980,236.4376672,0.2402682
1585454040,205.1149947,0.2629175
1585454100,183.4976978,0.8781564
1585454160,284.9497964,0.0501259
1585454220,177.2885748,0.4256295
1585454280,313.3699018,0.4025502
1585454340,117.0334794,0.0377453
1585454400,286.946486,0.7799077
1585454460,391.8774314,0.0994551
1585454520,273.3750638,0.1468897
1585454580,315.8903101,0.3444857
1585454640,287.6842813,0.8184136
1585454700,311.4939368,0.2514545
1585454760,302.066726,0.6174677
1585454820,352.8841781,0.6380318
1585454880,145.6345539,0.9727093
1585454940,333.8955315,0.8300632
1585455000,330.3032424,0.5441354
1585455060,232.4887804,0.5071887
1585455120,204.6162971,0.5410809
1585455180,362.742907,0.3649327
1585455240,122.3010609,0.8754641
1585455300,191.4185969,0.5360816
1585455360,111.7126097,0.0504308
1585455420,184.8276208,0.6926945
1585455480,315.4833285,0.9907704
1585455540,154.1360209,0.7261191
1585455600,315.4535785,0.2280662
1585455660,269.7045607,0.1216337
1585455720,180.8771608,0.5245209
1585455780,125.8080483,0.3938062
1585455840,363.3560225,0.2504477
1585455900,291.4184966,0.4152123
1585455960,167.8739834,0.5064813
1585456020,299.1285507,0.0794897
1585456080,146.213149,0.5400023
1585456140,171.8626293,0.3194945
1585456200,173.9237532,0.4463383
1585456260,274.4038833,0.2244127
1585456320,223.6352118,0.2916703
1585456380,198.2052807,0.9263064
1585456440,184.3821138,0.9072103
1585456500,290.9640511,0.3559105
1585456560,350.0336908,0.963418
1585456620,381.3794059,0.2827403
1585456680,299.5956635,0.2376684
1585456740,320.2190242,0.5769014
1585456800,251.5530675,0.7892823
1585456860,130.3485895,0.3659394
1585456920,248.422232,0.2602642
1585456980,208.6167289,0.8310183
1585457040,160.2608343,0.9725588
1585457100,264.6106256,0.077946
1585457160,233.4010156,0.252308
1585457220,116.1017834,0.0305468
1585457280,199.3979276,0.79661
1585457340,104.1497351,0.1651687
1585457400,195.8231093,0.0369035
1585457460,397.2264894,0.1750486
1585457520,105.5721153,0.2958592
1585457580,226.1185151,0.4252459
1585457640,147.5158728,0.15638
1585457700,191.777525,0.0937035
1585457760,266.1625531,0.8568706
1585457820,134.6881991,0.8706683
1585457880,252.9397818,0.9725075
1585457940,204.531525,0.8707018
1585458000,279.5957234,0.3021342
1585458060,263.5715457,0.1769132
1585458120,151.229412,0.6538186
1585458180,141.2921125,0.7565865
1585458240,152.4058893,0.5172963
1585458300,237.045776,0.9935707
1585458360,375.3290277,0.2779548
1585458420,246.3867651,0.957831
1585458480,348.1375956,0.9488052
1585458540,306.8838228,0.3349805
1585458600,327.0428468,0.3055565
1585458660,210.2357032,0.3622973
1585458720,320.6622544,0.6865378
1585458780,130.4020707,0.0568966
1585458840,212.3097906,0.8967295
1585458900,234.2892134,0.8378598
1585458960,178.7099707,0.0576529
1585459020,365.2885036,0.9476722
1585459080,223.8670874,0.7707969
1585459140,350.8860262,0.4171736
1585459200,265.9430945,0.9773877
1585459260,235.5751177,0.8388717
1585459320,231.5555282,0.134977
1585459380,273.9077123,0.182536
1585459440,170.6913102,0.7960292
1585459500,234.7769466,0.489282
1585459560,141.4493704,0.5563944
1585459620,226.734591,0.4313242
1585459680,269.0060096,0.7542992
1585459740,186.3985259,0.4144339
1585459800,101.7971334,0.4735894
1585459860,354.2132173,0.9500915
1585459920,334.8429094,0.2978497
1585459980,364.0833966,0.4172096
1585460040,176.8427129,0.2861771
1585460100,182.671635,0.6608388
1585460160,122.119267,0.3005302
1585460220,234.7251034,0.422385
1585460280,256.9491784,0.438431
1585460340,255.5181607,0.8324313
1585460400,221.4980561,0.6738524
1585460460,387.4171249,0.1299558
1585460520,122.0730405,0.7461213
1585460580,289.4189678,0.1079026
1585460640,252.2998444,0.0527364
1585460700,397.5223453,0.7043522
1585460760,327.3052576,0.891596
1585460820,126.2996217,0.2639509
1585460880,189.9324046,0.7776929
1585460940,335.6995737,0.7147716
1585461000,182.051636,0.6658034
1585461060,302.8348002,0.8612586
1585461120,187.6798781,0.1257662
1585461180,139.0998999,0.0974945
1585461240,176.0244803,0.2951904
1585461300,195.4981847,0.4823732
1585461360,142.9065309,0.4087802
1585461420,250.6102328,0.7583129
1585461480,306.0654715,0.7163427
1585461540,327.8690304,0.7381967
1585461600,289.2564723,0.3716987
1585461660,103.4625912,0.8629298
1585461720,303.6641381,0.1031217
1585461780,133.0717249,0.2485101
1585461840,337.8677321,0.0133724
1585461900,313.5007648,0.2382377
1585461960,233.8883308,0.661358
1585462020,340.5487714,0.571457
1585462080,253.31581,0.2174045
1585462140,365.2463457,0.3907475
1585462200,107.426826,0.5535445
1585462260,144.1371819,0.2533875
1585462320,341.6161623,0.5680334
1585462380,266.1553973,0.4133963
1585462440,269.2637196,0.0170143
1585462500,256.2199509,0.5301706
1585462560,335.5557989,0.459696
1585462620,344.9364824,0.4407953
1585462680,278.4231518,0.8857291
1585462740,299.6147686,0.6010555
1585462800,184.5732833,0.0265829
1585462860,194.2418835,0.7324019
1585462920,379.3464235,0.2800439
1585462980,286.1748326,0.7461231
1585463040,331.5402856,0.6973843
1585463100,252.2789066,0.2073858
1585463160,260.7276692,0.2819156
1585463220,397.0525553,0.9642272
1585463280,321.2312757,0.1494651
1585463340,234.6542754,0.7996728
1585463400,246.3780553,0.0301228
1585463460,185.6515412,0.7524937
1585463520,344.5535466,0.7260227
1585463580,384.3476136,0.370581
1585463640,386.4941028,0.8372511
1585463700,116.7777067,0.1602924
1585463760,236.6108176,0.1117606
1585463820,114.9681828,0.08526
1585463880,148.5762937,0.7415617
1585463940,301.9113679,0.3902339
1585464000,174.6082722,0.4974797
1585464060,255.3167441,0.771437
1585464120,240.2839396,0.1980411
1585464180,267.5262008,0.5566135
1585464240,368.1379536,0.3979337
1585464300,122.0133558,0.5338157
1585464360,190.2939016,0.7891767
1585464420,224.4189705,0.2414357
1585464480,350.3852621,0.6303243
1585464540,391.9613796,0.0898991
1585464600,327.7018879,0.7307288
1585464660,395.0847338,0.9533662
1585464720,390.598356,0.033682
1585464780,202.8313414,0.2202164
1585464840,241.2291027,0.8420912
1585464900,289.8660756,0.6279305
1585464960,256.4977276,0.45116
1585465020,356.165609,0.1817703
1585465080,172.2442014,0.0493969
1585465140,147.3141335,0.8254376
1585465200,358.5290123,0.6095849
1585465260,385.2472647,0.316012
1585465320,214.2961174,0.4162807
1585465380,305.8393457,0.6094491
1585465440,336.3557339,0.6219028
1585465500,119.7407078,0.7268929
1585465560,324.7870641,0.2201292
1585465620,176.477127,0.4839432
1585465680,314.9314771,0.143819
1585465740,184.3985923,0.9495821
1585465800,324.4362354,0.4700024
1585465860,252.3104248,0.544582
1585465920,224.3004715,0.8045727
1585465980,251.8304287,0.6104107
1585466040,395.5896979,0.0866249
1585466100,245.7509668,0.4174684
1585466160,175.3831417,0.2190899
1585466220,114.3053792,0.5063404
1585466280,161.7896565,0.6753353
1585466340,365.5629168,0.9417833
1585466400,327.5232708,0.4698516
1585466460,235.929931,0.0414367
1585466520,110.0131033,0.70697
1585466580,235.3515315,0.7667499
1585466640,248.4433851,0.3642806
1585466700,365.9707461,0.6770032
1585466760,227.4401711,0.2073822
1585466820,129.1973252,0.1785936
1585466880,351.3186213,0.7313535
1585466940,377.7540408,0.4389025
1585467000,127.3056821,0.107033
1585467060,152.893616,0.6352219
1585467120,360.4304544,0.1930402
1585467180,120.2476624,0.2702992
1585467240,236.1607553,0.5377223
1585467300,200.5339738,0.501479
1585467360,198.2743771,0.5792907
1585467420,144.3466014,0.5606092
1585467480,263.1131529,0.8510492
1585467540,111.5295485,0.7158312
1585467600,222.0583578,0.5164828
1585467660,282.2923179,0.7044647
1585467720,294.7289585,0.9654292
1585467780,381.7574151,0.9420627
1585467840,151.2338924,0.041992
1585467900,355.5252496,0.3784895
1585467960,315.433359,0.9357948
1585468020,175.6754016,0.1090229
1585468080,392.7176599,0.7342978
1585468140,214.8416912,0.7533097
1585468200,242.8440403,0.3983839
1585468260,359.9208184,0.9210786
1585468320,130.2465979,0.7265864
1585468380,175.9993391,0.9846999
1585468440,115.7147649,0.9088121
1585468500,215.6703214,0.1514673
1585468560,265.6660905,0.0949041
1585468620,382.631057,0.266037
1585468680,219.9964989,0.8680029
1585468740,107.3407222,0.5108652
1585468800,353.5886935,0.8878224
1585468860,222.6422371,0.7933485
1585468920,340.5836302,0.1236721
1585468980,137.6937554,0.1307988
1585469040,378.8134793,0.0752027
1585469100,308.6616792,0.9814785
1585469160,196.0604343,0.8451083
1585469220,107.3994934,0.0896693
1585469280,212.1838918,0.3672571
1585469340,224.3782759,0.9920769
1585469400,264.2084589,0.8630465
1585469460,234.7653285,0.6041389
1585469520,180.5080359,0.9058046
1585469580,284.9214158,0.7039253
1585469640,252.0911463,0.0978364
1585469700,107.7219021,0.1785304
1585469760,251.5562868,0.1227207
1585469820,271.4774277,0.6925059
1585469880,222.1026649,0.5100218
1585469940,145.749192,0.1111159
1585470000,275.0456477,0.9520685
1585470060,393.0152265,0.9445724
1585470120,376.9114442,0.9840489
1585470180,126.8610701,0.1580871
1585470240,340.0592327,0.6689532
1585470300,297.0649587,0.1399772
1585470360,138.6484743,0.5054614
1585470420,302.9371627,0.8054632
1585470480,167.5627645,0.1643884
1585470540,258.3390731,0.9805754
1585470600,342.8701333,0.8437342
1585470660,325.8796876,0.0113197
1585470720,304.7174041,0.9003086
1585470780,148.3312595,0.8175502
1585470840,179.9132625,0.2668986
1585470900,311.5263729,0.8447528
1585470960,103.1429843,0.5563965
1585471020,351.9859272,0.9843287
1585471080,162.4178008,0.7175
1585471140,207.0381186,0.1830788
1585471200,377.7224001,0.9250533
1585471260,378.0668118,0.8039794
1585471320,290.0803012,0.1259174
1585471380,342.5754641,0.8252738
1585471440,266.3701659,0.9886607
1585471500,134.4365364,0.7753037
1585471560,353.0583416,0.5208319
1585471620,307.9033164,0.888347
1585471680,101.836274,0.8012973
1585471740,255.9847887,0.6409367
1585471800,393.0738918,0.28586
1585471860,135.0363678,0.6502125
1585471920,230.6961547,0.9405892
1585471980,280.3831871,0.404057
1585472040,286.8232803,0.2054955
1585472100,207.0728425,0.4312172
1585472160,277.8465719,0.0804435
1585472220,194.229205,0.7766798
1585472280,256.5365333,0.7650758
1585472340,257.7813423,0.1353604
1585472400,753.0259166,0.6440918
1585472460,506.1198342,0.6767527
1585472520,1098.2812823,0.8319679
1585472580,847.4809198,0.5056584
1585472640,741.7013092,0.5797111
1585472700,643.6499317,0.660993
1585472760,798.5082422,0.1401582
1585472820,1158.0397541,0.131516
1585472880,680.9884528,0.8625572
1585472940,719.7737948,0.5626347
1585473000,837.8648806,0.4638907
1585473060,612.2474437,0.9323207
1585473120,1186.3208074,0.1250929
1585473180,468.6983449,0.5418123
1585473240,886.2533375,0.3728698
1585473300,1261.681501,0.6009942
1585473360,792.5686143,0.1708808
1585473420,559.6278676,0.087599
1585473480,405.3584722,0.5910794
1585473540,879.6134713,0.5480737
1585473600,495.6756947,0.4061372
1585473660,1158.0013832,0.1317658
1585473720,473.3083436,0.8494133
1585473780,1171.7288401,0.4522016
1585473840,1196.9119733,0.4634676
1585473900,1050.665036,0.75456
1585473960,833.1829597,0.4218654
1585474020,1136.9809352,0.0692661
1585474080,906.7558041,0.8533744
1585474140,572.0429194,0.5447192
1585474200,1377.6302977,0.0350945
1585474260,1030.1032692,0.2503514
1585474320,911.2214383,0.0806095
1585474380,548.453168,0.6801809
1585474440,1371.2236792,0.5163708
1585474500,1297.5227437,0.0376753
1585474560,1165.1419344,0.8545991
1585474620,789.1172548,0.1167056
1585474680,604.8039383,0.1825599
1585474740,808.1597266,0.5138924
1585474800,1395.9551138,0.655824
1585474860,1199.4696583,0.7489396
1585474920,405.1629404,0.9176479
1585474980,713.6181142,0.7366181
1585475040,1168.3128089,0.6573679
1585475100,940.9668168,0.9021337
1585475160,588.0809544,0.5871447
1585475220,949.6625403,0.3639079
1585475280,1150.6492035,0.2096649
1585475340,786.7325624,0.077513
1585475400,1182.5314513,0.2557853
1585475460,1288.963482,0.8184631
1585475520,1044.1607922,0.4630338
1585475580,526.9748011,0.734651
1585475640,951.642566,0.0528737
1585475700,1202.6435311,0.7715913
1585475760,410.8993813,0.3883119
1585475820,913.163109,0.8602032
1585475880,1138.6744122,0.2721845
1585475940,653.8447397,0.2073494
1585476000,1012.0703896,0.7074272
1585476060,1343.4690194,0.2051659
1585476120,1160.518089,0.5689916
1585476180,1120.759912,0.7060719
1585476240,580.0910816,0.6466724
1585476300,799.632957,0.0192128
1585476360,841.865056,0.6769051
1585476420,738.7707299,0.7913038
1585476480,836.7125379,0.9933427
1585476540,746.6483275,0.0402537
1585476600,1371.1393834,0.1694818
1585476660,1069.6828109,0.1850388
1585476720,917.0350381,0.9245955
1585476780,1092.3365772,0.3592604
1585476840,1035.2914266,0.1491551
1585476900,756.3803359,0.8898921
1585476960,660.700149,0.9346014
1585477020,1359.4415351,0.2432438
1585477080,933.7715427,0.6460741
1585477140,795.6464457,0.9331223
1585477200,1178.1792288,0.5481497
1585477260,1381.713093,0.3973127
1585477320,1263.1147249,0.7660445
1585477380,892.3382171,0.1428639
1585477440,892.5102564,0.6576988
1585477500,754.2821751,0.7864836
1585477560,891.5187092,0.6850678
1585477620,737.5231636,0.5455197
1585477680,530.198858,0.5327787
1585477740,1303.8974466,0.926508
1585477800,1323.5941683,0.8331888
1585477860,1356.4328376,0.1314127
1585477920,532.6173714,0.3221542
1585477980,408.3593709,0.3039127
1585478040,895.3088034,0.5002515
1585478100,912.0842799,0.6713159
1585478160,931.4183725,0.8197653
1585478220,1043.8843448,0.9972368
1585478280,473.8222337,0.4847061
1585478340,558.1785573,0.9534121
1585478400,667.4923426,0.6624024
1585478460,790.5925463,0.3436208
1585478520,702.2140628,0.5267465
1585478580,729.7519185,0.0570988
1585478640,1261.8511412,0.1383585
1585478700,560.6084136,0.254848
1585478760,1190.307545,0.3640114
1585478820,1334.3811337,0.7463376
1585478880,781.1896808,0.5499885
1585478940,621.6732462,0.3674785
1585479000,931.5861574,0.8325471
1585479060,448.9820086,0.3651075
1585479120,985.9745176,0.31494
1585479180,1034.5931532,0.8969955
1585479240,818.199615,0.8867347
1585479300,683.5756874,0.9798357
1585479360,977.596251,0.7118737
1585479420,1151.0681614,0.400247
1585479480,1224.0756528,0.7250081
1585479540,1279.0721869,0.9822098
1585479600,628.9060491,0.8247674
1585479660,1327.7600965,0.9358547
1585479720,1001.6787521,0.0152111
1585479780,1141.0520667,0.6293435
1585479840,811.3441063,0.5511445
1585479900,896.5962345,0.7232121
1585479960,1275.591603,0.6406135
1585480020,700.8598059,0.734396
1585480080,1308.7825254,0.7283996
1585480140,1184.5907679,0.4739495
1585480200,495.7270935,0.5772558
1585480260,743.9936308,0.112642
1585480320,695.15356,0.9661715
1585480380,1279.8628734,0.6288623
1585480440,823.413389,0.3126317
1585480500,608.685666,0.1324256
1585480560,845.3819285,0.6087525
1585480620,1172.4197777,0.0807544
1585480680,1052.1499248,0.718876
1585480740,1182.2195169,0.1439858
1585480800,1367.0417504,0.1266604
1585480860,1378.3175259,0.3017655
1585480920,1190.7899475,0.5404606
1585480980,731.7685645,0.5611502
1585481040,873.0617739,0.4988306
1585481100,1319.3711638,0.7596384
1585481160,760.8177475,0.8833092
1585481220,814.111257,0.3088051
1585481280,1110.2013868,0.3671095
1585481340,1221.3615871,0.3330867
1585481400,1091.5873659,0.2870653
1585481460,1337.8688062,0.3194214
1585481520,1204.9519925,0.435885
1585481580,719.6398952,0.3152943
1585481640,950.1365485,0.033753
1585481700,1260.3660948,0.3235123
1585481760,699.8031604,0.633047
1585481820,845.109551,0.060711
1585481880,403.4122148,0.0267662
1585481940,518.0631803,0.6454141
1585482000,765.3133263,0.276718
1585482060,828.8410509,0.2591709
1585482120,686.0389883,0.9502665
1585482180,881.1014181,0.5205629
1585482240,717.078466,0.6000626
1585482300,871.0485296,0.4757758
1585482360,1062.8611756,0.976835
1585482420,909.5553975,0.2272532
1585482480,537.5718776,0.3446358
1585482540,1223.2494651,0.9751257
1585482600,1311.3035615,0.5594899
1585482660,576.4970701,0.4506366
1585482720,1350.446191,0.2777844
1585482780,861.8133193,0.1147623
1585482840,629.2616446,0.1431599
1585482900,423.5154706,0.4454041
1585482960,1248.809432,0.7631809
1585483020,452.562778,0.2333107
1585483080,708.5613478,0.8143199
1585483140,674.8354682,0.675807
1585483200,1222.8694448,0.9944152
1585483260,765.5392848,0.8436786
1585483320,1207.6120384,0.8397795
1585483380,1034.449244,0.0164944
1585483440,1167.9637053,0.1824429
1585483500,1135.0778951,0.8660023
1585483560,984.6613897,0.5317325
1585483620,978.8770516,0.9090598
1585483680,1319.0355647,0.8902026
1585483740,833.7567812,0.9390786
1585483800,752.2244193,0.9936142
1585483860,778.3621113,0.4239511
1585483920,935.9554397,0.323129
1585483980,925.8760282,0.0593297
1585484040,556.8971608,0.0814542
1585484100,520.7071432,0.4964109
1585484160,1250.2604536,0.6017503
1585484220,764.1779568,0.9558887
1585484280,1358.8277966,0.123806
1585484340,480.5271681,0.179821
1585484400,1213.6526885,0.3109121
1585484460,1277.5113885,0.1854444
1585484520,616.058132,0.321454
1585484580,1074.0532488,0.0888163
1585484640,711.485232,0.7625344
1585484700,1236.6408891,0.3887651
1585484760,1382.6370807,0.5032318
1585484820,1201.0809523,0.6369877
1585484880,1168.5847858,0.1316844
1585484940,965.4735601,0.4740816
1585485000,954.9401806,0.0801646
1585485060,766.5524972,0.7148734
1585485120,448.5067452,0.0696589
1585485180,1083.2569829,0.3885562
1585485240,1134.9362907,0.2987093
1585485300,454.8007088,0.4457562
1585485360,1385.5653144,0.8777006
1585485420,540.5197521,0.4054463
1585485480,582.7853456,0.0201939
1585485540,659.4782979,0.192897
1585485600,612.4095866,0.5271497
1585485660,598.4092273,0.4313724
1585485720,1176.3134144,0.8609055
1585485780,1024.2579625,0.5239829
1585485840,1219.8209516,0.4336444
1585485900,1327.9788169,0.8594863
1585485960,604.8822372,0.8783088
1585486020,1376.3915089,0.3300232
1585486080,1223.4185796,0.11577
1585486140,1232.5784843,0.1006318
1585486200,1234.2298801,0.8882474
1585486260,770.5352498,0.5929874
1585486320,948.6625299,0.9596945
1585486380,1093.7052417,0.4888313
1585486440,578.8332574,0.7308821
1585486500,542.8733334,0.7651447
1585486560,981.1621601,0.8578733
1585486620,613.0465846,0.6855231
1585486680,887.528602,0.8840901
1585486740,709.638175,0.2384336
1585486800,977.846831,0.1615113
1585486860,1324.989043,0.2351179
1585486920,982.3586474,0.1432107
1585486980,1398.089163,0.2403537
1585487040,1085.5963068,0.115374
1585487100,985.7122883,0.3063487
1585487160,1133.790776,0.4054286
1585487220,1277.6506144,0.6032506
1585487280,761.3069275,0.3486722
1585487340,710.4510314,0.2630529
1585487400,1254.7546473,0.4077263
1585487460,902.6419156,0.6076252
1585487520,621.5573223,0.2812357
1585487580,1032.1348122,0.352721
1585487640,1106.1403214,0.7050255
1585487700,967.1269024,0.065868
1585487760,918.7462594,0.1724878
1585487820,1065.4517632,0.2908586
1585487880,889.1793419,0.2343645
1585487940,1115.2027785,0.093486
1585488000,1045.5557115,0.1397609
1585488060,1214.4774103,0.2248852
1585488120,620.6202307,0.4047527
1585488180,574.5660616,0.7304544
1585488240,800.787294,0.6049818
1585488300,777.4389556,0.3385749
1585488360,962.5723863,0.9142531
1585488420,818.8697519,0.311836
1585488480,1212.8051944,0.0256711
1585488540,508.7405109,0.0280807
1585488600,1218.4277065,0.7673227
1585488660,1332.2953015,0.6420133
1585488720,737.6047149,0.1143479
1585488780,1146.5328676,0.1290243
1585488840,1233.6065096,0.10654
1585488900,957.4640469,0.6805739
1585488960,1108.8367515,0.6092843
1585489020,810.6952213,0.2742797
1585489080,829.591943,0.810224
1585489140,700.308477,0.3107403
1585489200,893.4000656,0.0209754
1585489260,608.6709064,0.5173976
1585489320,680.8744257,0.8636194
1585489380,603.4879865,0.5249311
1585489440,686.6726749,0.3635473
1585489500,796.7332595,0.823542
1585489560,897.2325437,0.958224
1585489620,1102.4093397,0.0545922
1585489680,1211.4604029,0.4168069
1585489740,873.3757521,0.9626283
1585489800,678.5108993,0.5980047
1585489860,1352.5989191,0.9792023
1585489920,408.9069642,0.7317751
1585489980,1395.655312,0.5348547
1585490040,616.1221081,0.8513845
1585490100,640.9612822,0.6392287
1585490160,485.5340744,0.7322922
1585490220,435.8040001,0.3369133
1585490280,785.8075696,0.2406266
1585490340,1169.0156615,0.4973972
1585490400,1068.8450979,0.6272012
1585490460,1399.5370169,0.1969708
1585490520,719.0345264,0.70166
1585490580,820.4380741,0.6436669
1585490640,1216.1785868,0.1782618
1585490700,1050.9081751,0.3195626
1585490760,734.2095176,0.612858
1585490820,450.9251396,0.0247029
1585490880,539.5205953,0.529186
1585490940,1361.1691098,0.0066486
1585491000,408.1849182,0.8728727
1585491060,1303.536846,0.8058488
1585491120,1092.869418,0.6081527
1585491180,644.0162374,0.6242585
1585491240,1230.2452245,0.7683186
1585491300,1247.5157747,0.8005729
1585491360,1297.5870001,0.5083339
1585491420,895.5871433,0.6573065
1585491480,720.9044618,0.8380311
1585491540,754.6762835,0.7248148
1585491600,928.1023388,0.0349596
1585491660,952.3665918,0.8251244
1585491720,827.5930433,0.3105809
1585491780,1104.0122233,0.6804478
1585491840,585.7826928,0.0143658
1585491900,710.5322682,0.0273842
1585491960,690.1333157,0.532264
1585492020,891.8991056,3.76e-05
1585492080,817.5470801,0.6655053
1585492140,990.2296663,0.6631367
1585492200,600.590592,0.4541845
1585492260,950.5526988,0.873546
1585492320,1145.6586015,0.7119652
1585492380,697.864973,0.4960251
1585492440,951.8851708,0.8336949
1585492500,1049.5948723,0.6042475
1585492560,689.0527835,0.8108278
1585492620,1282.9691667,0.6874823
1585492680,1398.0071595,0.9112727
1585492740,1109.7323809,0.54005
1585492800,721.0881333,0.9505391
1585492860,923.2805574,0.1822484
1585492920,662.9736046,0.9689843
1585492980,652.8093727,0.2762067
1585493040,920.1125031,0.0110084
1585493100,836.5340521,0.2015166
1585493160,920.6863001,0.1755653
1585493220,733.3405636,0.3196947
1585493280,863.54285,0.7366658
1585493340,706.5940022,0.0238987
1585493400,1396.1328645,0.2572096
1585493460,724.7110078,0.5649486
1585493520,1388.622931,0.8013286
1585493580,867.511052,0.8801126
1585493640,605.8824005,0.8468068
1585493700,597.142686,0.980487
1585493760,1077.4460873,0.6282334
1585493820,645.0382591,0.8341665
1585493880,702.4887854,0.430209
1585493940,602.5726363,0.0123515
1585494000,697.9441635,0.0301169
1585494060,629.0266388,0.732319
1585494120,1278.9058478,0.1579044
1585494180,1296.3191925,0.5942851
1585494240,802.9321922,0.6430236
1585494300,601.388694,0.7816477
1585494360,749.8423375,0.3096612
1585494420,1008.0251221,0.3200023
1585494480,1165.2703861,0.6543244
1585494540,1399.5319723,0.429399
1585494600,1360.821339,0.9531693
1585494660,1265.2648012,0.3627845
1585494720,609.9376567,0.7371801
1585494780,1357.0076655,0.4329116
1585494840,1168.5605288,0.6957843
1585494900,620.4371326,0.867262
1585494960,964.9709988,0.8938445
1585495020,543.7372346,0.3218749
1585495080,445.4081051,0.9456271
1585495140,463.2057103,0.2756361
1585495200,758.8789866,0.5127382
1585495260,1021.9943863,0.0298396
1585495320,733.563229,0.8855597
1585495380,611.1159008,0.634334
1585495440,533.7768033,0.8140085
1585495500,1140.2594977,0.0901737
1585495560,1285.9419257,0.8135129
1585495620,979.0898187,0.195474
1585495680,898.0382636,0.98797
1585495740,1057.81409,0.1100383
1585495800,752.2059807,0.0414598
1585495860,635.1110491,0.7386243
1585495920,576.9916725,0.4675088
1585495980,468.0040072,0.0242445
1585496040,1381.4731063,0.2900856
1585496100,417.6301956,0.5843863
1585496160,926.7795536,0.7055165
1585496220,1340.0383337,0.7730993
1585496280,1296.93057,0.8801352
1585496340,1140.2443311,0.1581764
1585496400,714.4730479,0.651039
1585496460,644.1703463,0.5543464
1585496520,988.9972285,0.6198751
1585496580,614.1907345,0.3056816
1585496640,1077.6732115,0.6143097
1585496700,1358.4704216,0.1419614
1585496760,820.3479247,0.6772918
1585496820,565.4056106,0.8876751
1585496880,1257.3081199,0.9758401
1585496940,827.8241095,0.5108512
1585497000,419.8543867,0.6864555
1585497060,573.3143849,0.6279678
1585497120,560.6965962,0.1369232
1585497180,545.0389603,0.5205169
1585497240,598.6176313,0.8367501
1585497300,478.7760618,0.9599613
1585497360,671.695363,0.3045842
1585497420,1311.4908632,0.3172687
1585497480,1085.5774614,0.3415832
1585497540,875.7182069,0.1961892
1585497600,555.1970375,0.2798242
1585497660,1264.8580028,0.1263391
1585497720,998.7484948,0.8036828
1585497780,1366.2244823,0.6862379
1585497840,816.3028985,0.9037096
1585497900,1317.9016014,0.4124956
1585497960,474.2388487,0.6615022
1585498020,1374.544842,0.5713637
1585498080,813.9807231,0.0751989
1585498140,422.2323853,0.7600042
1585498200,1138.0210195,0.3191858
1585498260,1249.5018438,0.4492095
1585498320,1232.6003094,0.0471708
1585498380,966.1540824,0.2403216
1585498440,1344.9858518,0.8612522
1585498500,1108.025038,0.8992608
1585498560,463.4056416,0.098503
1585498620,689.6570398,0.4655473
1585498680,1047.4541336,0.6860337
1585498740,763.9522618,0.736198
1585498800,403.975371,0.4477117
1585498860,1307.3827098,0.090262
1585498920,433.4544793,0.3920066
1585498980,969.2421063,0.7813194
1585499040,684.6852515,0.9233734
1585499100,907.4985175,0.4359045
1585499160,976.8835898,0.4847974
1585499220,1368.7145517,0.1266487
1585499280,999.0267352,0.8714187
1585499340,504.6462488,0.8832349
